team,espn_id,conf,conf_games,ct_teams,auto_bid,new_coach,coach,moved_from
Abilene Christian Wildcats,2000,UAC,16,9,1,0,Julie Goodenough,WAC
Air Force Falcons,2005,Mountain West,18,10,1,0,Stacy McIntyre,
Akron Zips,2006,MAC,18,8,1,0,Ryan Gensler,
Alabama A&M Bulldogs,2010,SWAC,18,10,1,0,Dawn Thornton,
Alabama Crimson Tide,333,SEC,16,16,1,1,Pauline Love,
Alabama State Lady Hornets,2011,SWAC,18,10,1,0,Johnetta Hayes,
Alcorn State Lady Braves,2016,SWAC,18,10,1,0,Nate Kilbert,
American University Eagles,44,Patriot League,18,10,1,0,Kelly Killion,
App State Mountaineers,2026,Sun Belt,18,14,1,0,Alaura Sharp,
Arizona State Sun Devils,9,Big 12,18,16,1,0,Molly Miller,
Arizona Wildcats,12,Big 12,18,16,1,0,Becky Burke,
Arkansas Razorbacks,8,SEC,16,16,1,0,Kelsi Musick,
Arkansas State Red Wolves,2032,Sun Belt,18,14,1,0,Destinee Rogers,
Arkansas-Pine Bluff Golden Lions,2029,SWAC,18,10,1,0,Erica Leak,
Army Black Knights,349,Patriot League,18,10,1,0,Katie Kuester,
Auburn Tigers,2,SEC,16,16,1,0,Larry Vickers,
Austin Peay Governors,2046,UAC,16,9,1,0,Brittany Young,ASUN
BYU Cougars,252,Big 12,18,16,1,0,Lee Cummard,
Ball State Cardinals,2050,MAC,18,8,1,0,Brady Sallee,
Baylor Bears,239,Big 12,18,16,1,0,Nicki Collen,
Bellarmine Knights,91,ASUN,12,7,1,0,Monique Reid,
Belmont Bruins,2057,Missouri Valley,20,11,1,0,Bart Brooks,
Bethune-Cookman Wildcats,2065,SWAC,18,10,1,1,Demetria Frank,
Binghamton Bearcats,2066,America East,16,8,1,0,Mary Grimes,
Boise State Broncos,68,Pac-12,16,9,1,0,Gordy Presnell,Mountain West
Boston College Eagles,103,ACC,18,15,1,1,"Kate Popovec-Goss (1st season, arrives from Bradley)",
Boston University Terriers,104,Patriot League,18,10,1,0,Melissa Graves,
Bowling Green Falcons,189,MAC,18,8,1,0,Fred Chmiel,
Bradley Braves,71,Missouri Valley,20,11,1,1,Chaia Meier,
Brown Bears,225,Ivy League,14,4,1,0,Monique LeBlanc,
Bryant Bulldogs,2803,America East,16,8,1,0,Lynne-Ann Kokoski,
Bucknell Bison,2083,Patriot League,18,10,1,0,Trevor Woodruff,
Buffalo Bulls,2084,MAC,18,8,1,0,Kristen Sharkey,
Butler Bulldogs,2086,Big East,20,11,1,1,Maria Marchesano,
Cal Poly Mustangs,13,Big West,20,8,1,0,Shanele Stires,
Cal State Bakersfield Roadrunners,2934,Big West,20,8,1,0,Ray Alvarado (interim),
Cal State Fullerton Titans,2239,Big West,20,8,1,1,Sammy Doucette,
Cal State Northridge Matadors,2463,Big West,20,8,1,0,Angie Ned,
California Baptist Lancers,2856,Big West,20,8,1,0,Jarrod Olson,WAC
California Golden Bears,25,ACC,18,15,1,0,Charmin Smith,
Campbell Fighting Camels,2097,CAA,18,12,1,1,Ali Jaques,
Canisius Golden Griffins,2099,MAAC,20,10,1,0,Tiffany Swoffard,
Central Arkansas Sugar Bears,2110,UAC,16,9,1,0,Tony Kemper,ASUN
Central Connecticut Blue Devils,2115,NEC,18,8,1,0,Kristin Caruso,
Central Michigan Chippewas,2117,MAC,18,8,1,0,Kristin Haynie,
Charleston Cougars,232,CAA,18,12,1,1,Amanda Butler,
Charleston Southern Buccaneers,2127,Big South,16,8,1,1,Tim Hays,
Charlotte 49ers,2429,American,18,13,1,0,Tomekia Reed,
Chattanooga Mocs,236,Southern,16,9,1,0,Deandra Schirmer,
Chicago State Cougars,2130,NEC,18,8,1,0,Corry Irvin,
Cincinnati Bearcats,2132,Big 12,18,16,1,0,Katrina Merriweather,
Clemson Tigers,228,ACC,18,15,1,0,Shawn Poppie,
Cleveland State Vikings,325,Horizon League,20,12,1,1,Bob Dunn,
Coastal Carolina Chanticleers,324,Sun Belt,18,14,1,0,Kevin Pederson,
Colgate Raiders,2142,Patriot League,18,10,1,0,Shannon Bush,
Colorado Buffaloes,38,Big 12,18,16,1,0,JR Payne,
Colorado State Rams,36,Pac-12,16,9,1,0,Ryun Williams,Mountain West
Columbia Lions,171,Ivy League,14,4,1,0,Megan Griffith,
Coppin State Eagles,2154,MEAC,14,8,1,0,Darrell Mosley,
Cornell Big Red,172,Ivy League,14,4,1,0,Emily Garner,
Creighton Bluejays,156,Big East,20,11,1,0,Jim Flanery,
Dartmouth Big Green,159,Ivy League,14,4,1,0,Linda Cimino,
Davidson Wildcats,2166,A-10,18,14,1,0,Gayle Fulks,
Dayton Flyers,2168,A-10,18,14,1,0,Tamika Williams-Jeter,
DePaul Blue Demons,305,Big East,20,11,1,0,Jill Pizzotti,
Delaware Blue Hens,48,Conference USA,18,10,1,0,Sarah Jenkins,
Delaware State Hornets,2169,MEAC,14,8,1,1,Khadijah Rushdan,
Denver Pioneers,2172,WCC,18,10,1,1,Erik Johnson,Summit League
Detroit Mercy Titans,2174,Horizon League,20,12,1,0,Kiefer Haffey,
Drake Bulldogs,2181,Missouri Valley,20,11,1,0,Allison Pohlman,
Drexel Dragons,2182,CAA,18,12,1,0,Amy Mallon,
Duke Blue Devils,150,ACC,18,15,1,0,Kara Lawson,
Duquesne Dukes,2184,A-10,18,14,1,0,Dan Burt,
East Carolina Pirates,151,American,18,13,1,0,Kim McNeill,
East Tennessee State Bucs,2193,Southern,16,9,1,0,Brenda Mock Brown,
East Texas A&M Lions,2837,Southland,20,8,1,0,Valerie King,
Eastern Illinois Panthers,2197,Ohio Valley,16,8,1,0,Marqus McGlothan,
Eastern Kentucky Colonels,2198,UAC,16,9,1,0,Greg Todd,ASUN
Eastern Michigan Eagles,2199,MAC,18,8,1,0,Sahar Nusseibeh,
Eastern Washington Eagles,331,Big Sky,20,11,1,0,Joddie Gleason,
Elon Phoenix,2210,CAA,18,12,1,0,Charlotte Smith,
Evansville Purple Aces,339,Missouri Valley,20,11,1,1,Ben Wierzba,
Fairfield Stags,2217,MAAC,20,10,1,0,Carly Thibault-DuDonis,
Fairleigh Dickinson Knights,161,NEC,18,8,1,0,Stephanie Gaitley,
Florida A&M Rattlers,50,SWAC,18,10,1,0,Bridgette Gordon,
Florida Atlantic Owls,2226,American,18,13,1,0,LeAnn Freeland,
Florida Gators,57,SEC,16,16,1,1,"Tammi Reiss (1st season, arrives from Rhode Island)",
Florida Gulf Coast Eagles,526,ASUN,12,7,1,0,Raina Harmon,
Florida International Panthers,2229,Conference USA,18,10,1,0,Jesyka Burks-Wiley,
Florida State Seminoles,52,ACC,18,15,1,0,Brooke Wyckoff,
Fordham Rams,2230,A-10,18,14,1,1,Neil Harrow,
Fresno State Bulldogs,278,Pac-12,16,9,1,0,Ryan McCarthy,Mountain West
Furman Paladins,231,Southern,16,9,1,0,Pierre Curtis,
Gardner-Webb Runnin' Bulldogs,2241,Big South,16,8,1,0,Terri Williams,
George Mason Patriots,2244,A-10,18,14,1,0,Vanessa Blair-Lewis,
George Washington Revolutionaries,45,A-10,18,14,1,0,Ganiyat Adeduntan,
Georgetown Hoyas,46,Big East,20,11,1,0,Darnell Haney,
Georgia Lady Bulldogs,61,SEC,16,16,1,1,Ayla Guzzardo,
Georgia Southern Eagles,290,Sun Belt,18,14,1,1,Heather Macy,
Georgia State Panthers,2247,Sun Belt,18,14,1,1,Marcilina Grayer,
Georgia Tech Yellow Jackets,59,ACC,18,15,1,0,Karen Blair,
Gonzaga Bulldogs,2250,Pac-12,16,9,1,0,Lisa Fortier,WCC
Grambling Lady Tigers,2755,SWAC,18,10,1,0,Courtney Simmons,
Grand Canyon Lopes,2253,Mountain West,18,10,1,0,Winston Gandy,
Green Bay Phoenix,2739,Horizon League,20,12,1,0,Kayla Karius,
Hampton Lady Pirates,2261,CAA,18,12,1,0,Tamisha Augustin,
Harvard Crimson,108,Ivy League,14,4,1,0,Carrie Moore,
Hawai'i Rainbow Wahine,62,Mountain West,18,10,1,1,Khalilah Mitchell,Big West
High Point Panthers,2272,Big South,16,8,1,1,Wyatt Foust,
Hofstra Pride,2275,CAA,18,12,1,0,Danielle Santos Atkinson,
Holy Cross Crusaders,107,Patriot League,18,10,1,0,Candice Green,
Houston Christian Huskies,2277,Southland,20,8,1,0,Drew Long,
Houston Cougars,248,Big 12,18,16,1,0,Matthew Mitchell,
Howard Bison,47,MEAC,14,8,1,0,Ty Grace,
IU Indianapolis Jaguars,85,Horizon League,20,12,1,0,Kate Bruce,
Idaho State Bengals,304,Big Sky,20,11,1,0,Seton Sobolewski,
Idaho Vandals,70,Big Sky,20,11,1,0,Arthur Moreira,
Illinois Fighting Illini,356,Big Ten,18,15,1,0,Shauna Green,
Illinois State Redbirds,2287,Missouri Valley,20,11,1,0,Kristen Gillespie,
Incarnate Word Cardinals,2916,Southland,20,8,1,0,Jhasmin Player,
Indiana Hoosiers,84,Big Ten,18,15,1,0,Teri Moren,
Indiana State Sycamores,282,Missouri Valley,20,11,1,0,Marc Mitchell,
Iona Gaels,314,MAAC,20,10,1,0,Angelika Szumilo,
Iowa Hawkeyes,2294,Big Ten,18,15,1,0,Jan Jensen,
Iowa State Cyclones,66,Big 12,18,16,1,0,Bill Fennelly,
Jackson State Lady Tigers,2296,SWAC,18,10,1,0,Margaret Richards,
Jacksonville Dolphins,294,ASUN,12,7,1,0,Special Jennings,
Jacksonville State Gamecocks,55,Conference USA,18,10,1,1,Ricky Austin,
James Madison Dukes,256,Sun Belt,18,14,1,0,Sean O'Regan,
Kansas City Roos,140,Summit League,14,8,1,1,Candi Whitaker,
Kansas Jayhawks,2305,Big 12,18,16,1,0,Brandon Schneider,
Kansas State Wildcats,2306,Big 12,18,16,1,0,Jeff Mittie,
Kennesaw State Owls,338,Conference USA,18,10,1,1,Tianni Kelly,
Kent State Golden Flashes,2309,MAC,18,8,1,1,Fran Recchia,
Kentucky Wildcats,96,SEC,16,16,1,0,Kenny Brooks,
LSU Tigers,99,SEC,16,16,1,0,Kim Mulkey,
La Salle Explorers,2325,A-10,18,14,1,0,Mountain MacGillivray,
Lafayette Leopards,322,Patriot League,18,10,1,1,Ben O'Brien,
Lamar Cardinals,2320,Southland,20,8,1,0,A'Quonesia Franklin,
Le Moyne Dolphins,2330,NEC,18,8,1,0,Nick DiPillo,
Lehigh Mountain Hawks,2329,Patriot League,18,10,1,0,Addie Micir,
Liberty Flames,2335,Conference USA,18,10,1,0,Alexis Sherard,
Lindenwood Lions,2815,Ohio Valley,16,8,1,1,Phil Sayers,
Lipscomb Bisons,288,ASUN,12,7,1,0,Lauren Sumski,
Little Rock Trojans,2031,UAC,16,9,1,0,Steve Wiedower,Ohio Valley
Long Beach State Beach,299,Big West,20,8,1,1,Minyon Moore,
Long Island University Sharks,112358,NEC,18,8,1,1,Baronton Terry,
Longwood Lancers,2344,Big South,16,8,1,0,Erika Lang-Montgomery,
Louisiana Ragin' Cajuns,309,Sun Belt,18,14,1,0,Garry Brodhead,
Louisiana Tech Lady Techsters,2348,Sun Belt,18,14,1,0,Brooke Stoehr,Conference USA
Louisville Cardinals,97,ACC,18,15,1,0,Jeff Walz,
Loyola Chicago Ramblers,2350,A-10,18,14,1,1,Morgan Paige,
Loyola Maryland Greyhounds,2352,Patriot League,18,10,1,0,Danielle O'Banion,
Loyola Marymount Lions,2351,WCC,18,10,1,0,Aarika Hughes,
Maine Black Bears,311,America East,16,8,1,0,Amy Vachon,
Manhattan Jaspers,2363,MAAC,20,10,1,0,Heather Vulin,
Marist Red Foxes,2368,MAAC,20,10,1,0,Erin Doughty,
Marquette Golden Eagles,269,Big East,20,11,1,0,Cara Consuegra,
Marshall Thundering Herd,276,Sun Belt,18,14,1,0,Juli Fulks,
Maryland Eastern Shore Hawks,2379,MEAC,14,8,1,0,Malikah Willis,
Maryland Terrapins,120,Big Ten,18,15,1,0,Brenda Frese,
Massachusetts Minutewomen,113,MAC,18,8,1,0,Mike Leflar,
McNeese Cowgirls,2377,Southland,20,8,1,1,Ashton Feldhaus,
Memphis Tigers,235,American,18,13,1,1,Hana Haden,
Mercer Bears,2382,Southern,16,9,1,0,Michelle Clark-Heard,
Mercyhurst Lakers,2385,NEC,18,8,1,0,Erin Mills-Reid,
Merrimack Warriors,2771,MAAC,20,10,1,1,Missy Traversi,
Miami (OH) RedHawks,193,MAC,18,8,1,0,Glenn Box,
Miami Hurricanes,2390,ACC,18,15,1,0,Tricia Cullop,
Michigan State Spartans,127,Big Ten,18,15,1,0,Robyn Fralick,
Michigan Wolverines,130,Big Ten,18,15,1,0,Kim Barnes Arico,
Middle Tennessee Blue Raiders,2393,Conference USA,18,10,1,1,Matt Insell,
Milwaukee Panthers,270,Horizon League,20,12,1,0,Kyle Rechlicz,
Minnesota Golden Gophers,135,Big Ten,18,15,1,0,Dawn Plitzuweit,
Mississippi State Bulldogs,344,SEC,16,16,1,0,Sam Purcell,
Mississippi Valley State Devilettes,2400,SWAC,18,10,1,0,Jason James,
Missouri State Lady Bears,2623,Conference USA,18,10,1,0,Beth Cunningham,
Missouri Tigers,142,SEC,16,16,1,0,Kellie Harper,
Monmouth Hawks,2405,CAA,18,12,1,0,Cait Wetmore,
Montana Lady Griz,149,Big Sky,20,11,1,0,Nate Harris,
Montana State Bobcats,147,Big Sky,20,11,1,0,Tricia Bader Binford,
Morehead State Eagles,2413,Ohio Valley,16,8,1,1,Jackie Alexander,
Morgan State Lady Bears,2415,MEAC,14,8,1,0,Nadine Domond,
Mount St. Mary's Mountaineers,116,MAAC,20,10,1,0,Antoine White,
Murray State Racers,93,Missouri Valley,20,11,1,0,Rechelle Turner,
NC State Wolfpack,152,ACC,18,15,1,0,Wes Moore,
NJIT Highlanders,2885,America East,16,8,1,0,Mike Lane,
Navy Midshipmen,2426,Patriot League,18,10,1,0,Tim Taylor,
Nebraska Cornhuskers,158,Big Ten,18,15,1,0,Amy Williams,
Nevada Wolf Pack,2440,Mountain West,18,10,1,1,Kelly Sopak,
New Hampshire Wildcats,160,America East,16,8,1,0,Megan Shoniker,
New Haven Chargers,2441,NEC,18,8,1,0,Debbie Buff,
New Mexico Lobos,167,Mountain West,18,10,1,1,Amy Eagan,
New Mexico State Aggies,166,Conference USA,18,10,1,1,Adeniyi Amadou,
New Orleans Privateers,2443,Southland,20,8,1,0,Trelanne Powell,
Niagara Purple Eagles,315,MAAC,20,10,1,1,Tiara Johnson,
Nicholls Colonels,2447,Southland,20,8,1,1,Jalyn Johnson-Joubert,
Norfolk State Spartans,2450,MEAC,14,8,1,0,Jermaine Woods,
North Alabama Lions,2453,UAC,16,9,1,1,Anna Nimz,ASUN
North Carolina A&T Aggies,2448,CAA,18,12,1,0,Tarrell Robinson,
North Carolina Central Eagles,2428,MEAC,14,8,1,1,Olivia Gaines,
North Carolina Tar Heels,153,ACC,18,15,1,0,Courtney Banghart,
North Dakota Fighting Hawks,155,Summit League,14,8,1,0,Dennis Hutter,
North Dakota State Bison,2449,Summit League,14,8,1,0,Jory Collins,
North Florida Ospreys,2454,ASUN,12,7,1,0,Erika Lambert,
North Texas Mean Green,249,American,18,13,1,0,Jason Burton,
Northeastern Huskies,111,CAA,18,12,1,0,Priscilla Edwards,
Northern Arizona Lumberjacks,2464,Big Sky,20,11,1,0,Laura Dinkins,
Northern Colorado Bears,2458,Big Sky,20,11,1,0,Kristen Mattio,
Northern Illinois Huskies,2459,Horizon League,20,12,1,0,Jacey Brooks,MAC
Northern Iowa Panthers,2460,Missouri Valley,20,11,1,0,Tanya Warren,
Northern Kentucky Norse,94,Horizon League,20,12,1,0,Jeff Hans,
Northwestern State Lady Demons,2466,Southland,20,8,1,1,Alan Frey,
Northwestern Wildcats,77,Big Ten,18,15,1,1,"Carla Berube (1st season, arrives from Princeton)",
Notre Dame Fighting Irish,87,ACC,18,15,1,0,Niele Ivey,
Oakland Golden Grizzlies,2473,Horizon League,20,12,1,0,Keisha Newell,
Ohio Bobcats,195,MAC,18,8,1,0,Bob Boldon,
Ohio State Buckeyes,194,Big Ten,18,15,1,0,Kevin McGuff,
Oklahoma Sooners,201,SEC,16,16,1,0,Jennie Baranczyk,
Oklahoma State Cowgirls,197,Big 12,18,16,1,0,Jacie Hoyt,
Old Dominion Monarchs,295,Sun Belt,18,14,1,0,DeLisha Milton-Jones,
Ole Miss Rebels,145,SEC,16,16,1,0,Yolett McPhee-McCuin,
Omaha Mavericks,2437,Summit League,14,8,1,0,Jamie Carey,
Oral Roberts Golden Eagles,198,Summit League,14,8,1,0,Cophie Anderson,
Oregon Ducks,2483,Big Ten,18,15,1,0,Kelly Graves,
Oregon State Beavers,204,Pac-12,16,9,1,0,Scott Rueck,WCC
Pacific Tigers,279,WCC,18,10,1,0,Bradley Davis,
Penn State Lady Lions,213,Big Ten,18,15,1,1,Tanisha Wright,
Pennsylvania Quakers,219,Ivy League,14,4,1,0,Mike McLaughlin,
Pepperdine Waves,2492,WCC,18,10,1,0,Katie Faulkner,
Pittsburgh Panthers,221,ACC,18,15,1,1,"Robin Harmony (1st season, arrives from College of Charleston)",
Portland Pilots,2501,WCC,18,10,1,0,Michael Meek,
Portland State Vikings,2502,Big Sky,20,11,1,0,Karlie Buriss,
Prairie View A&M Lady Panthers,2504,SWAC,18,10,1,0,Tai Dillard,
Presbyterian Blue Hose,2506,Big South,16,8,1,0,Tiffany Sardin,
Princeton Tigers,163,Ivy League,14,4,1,1,Lauren Gosselin,
Providence Friars,2507,Big East,20,11,1,0,Erin Batth,
Purdue Boilermakers,2509,Big Ten,18,15,1,0,Katie Gearlds,
Purdue Fort Wayne Mastodons,2870,Horizon League,20,12,1,1,Kate Peterson Abiad,
Queens University Royals,2511,ASUN,12,7,1,0,Jen Brown,
Quinnipiac Bobcats,2514,MAAC,20,10,1,1,Roman Owen,
Radford Highlanders,2515,Big South,16,8,1,0,Mike McGuire,
Rhode Island Rams,227,A-10,18,14,1,1,Colleen Mullen,
Rice Owls,242,American,18,13,1,0,Lindsay Edmonds,
Richmond Spiders,257,A-10,18,14,1,1,Alisa Kresge,
Rider Broncs,2520,MAAC,20,10,1,0,Jackie Hartzell,
Robert Morris Colonials,2523,Horizon League,20,12,1,0,Chandler McCabe,
Rutgers Scarlet Knights,164,Big Ten,18,15,1,1,Gary Redus II,
SE Louisiana Lady Lions,2545,Southland,20,8,1,0,Jeff Dow,
SIU Edwardsville Cougars,2565,Ohio Valley,16,8,1,0,Samantha Quigley Smith,
SMU Mustangs,2567,ACC,18,15,1,0,Adia Barnes,
Sacramento State Hornets,16,Big West,20,8,1,0,Aaron Kallhoff,Big Sky
Sacred Heart Pioneers,2529,MAAC,20,10,1,0,Jessica Mannetti,
Saint Francis Red Flash,2598,NEC,18,8,1,0,,
Saint Joseph's Hawks,2603,A-10,18,14,1,0,Cindy Griffin,
Saint Louis Billikens,139,A-10,18,14,1,0,Rebecca Tillett,
Saint Mary's Gaels,2608,WCC,18,10,1,0,Jeff Cammon,
Saint Peter's Peacocks,2612,MAAC,20,10,1,0,Jennifer Leedham,
Sam Houston Bearkats,2534,Conference USA,18,10,1,0,Ravon Justice,
Samford Bulldogs,2535,Southern,16,9,1,0,Matt Wise,
San Diego State Aztecs,21,Pac-12,16,9,1,0,Stacie Terry-Hutson,Mountain West
San Diego Toreros,301,WCC,18,10,1,0,Blanche Alverson,
San Francisco Dons,2539,WCC,18,10,1,0,Molly Goodenbour,
San José State Spartans,23,Mountain West,18,10,1,0,Jonas Chatterton,
Santa Clara Broncos,2541,WCC,18,10,1,0,Loree Payne,
Seattle U Redhawks,2547,WCC,18,10,1,1,John Bonner,
Seton Hall Pirates,2550,Big East,20,11,1,0,Anthony Bozzella,
Siena Saints,2561,MAAC,20,10,1,0,Terry Primm,
South Alabama Jaguars,6,Sun Belt,18,14,1,0,Yolisha Jackson,
South Carolina Gamecocks,2579,SEC,16,16,1,0,Dawn Staley,
South Carolina State Lady Bulldogs,2569,MEAC,14,8,1,0,Cedric Baker,
South Carolina Upstate Spartans,2908,Big South,16,8,1,0,Jason Williams,
South Dakota Coyotes,233,Summit League,14,8,1,0,Carrie Eighmey,
South Dakota State Jackrabbits,2571,Summit League,14,8,1,0,Aaron Johnston,
South Florida Bulls,58,American,18,13,1,1,Kristy Curry,
Southeast Missouri State Redhawks,2546,Ohio Valley,16,8,1,0,Briley Palmer,
Southern Illinois Salukis,79,Missouri Valley,20,11,1,0,Kelly Bond-White,
Southern Indiana Screaming Eagles,88,Ohio Valley,16,8,1,0,Rick Stein,
Southern Jaguars,2582,SWAC,18,10,1,0,Carlos Funchess,
Southern Miss Lady Eagles,2572,Sun Belt,18,14,1,0,Missy Bilderback,
Southern Utah Thunderbirds,253,Big Sky,20,11,1,0,Tracy Sanders,WAC
St. Bonaventure Bonnies,179,A-10,18,14,1,0,Jim Crowley,
St. John's Red Storm,2599,Big East,20,11,1,0,Joe Tartamella,
St. Thomas-Minnesota Tommies,2900,Summit League,14,8,1,1,Mandy Pearson,
Stanford Cardinal,24,ACC,18,15,1,0,Kate Paye,
Stephen F. Austin Ladyjacks,2617,Southland,20,8,1,0,Leonard Bishop,
Stetson Hatters,56,ASUN,12,7,1,1,Melissa DeVore,
Stonehill Skyhawks,284,NEC,18,8,1,0,Trisha Brown,
Stony Brook Seawolves,2619,CAA,18,12,1,0,Joy McCorvey,
Syracuse Orange,183,ACC,18,15,1,0,Felisha Legette-Jack,
TCU Horned Frogs,2628,Big 12,18,16,1,0,Mark Campbell,
Tarleton State Texans,2627,UAC,16,9,1,0,Bill Brock,WAC
Temple Owls,218,American,18,13,1,0,Diane Richardson,
Tennessee Lady Volunteers,2633,SEC,16,16,1,0,Kim Caldwell,
Tennessee State Lady Tigers,2634,Ohio Valley,16,8,1,0,Candice Dupree,
Tennessee Tech Golden Eagles,2635,Southern,16,9,1,0,Kim Rosamond,Ohio Valley
Texas A&M Aggies,245,SEC,16,16,1,0,Joni Taylor,
Texas A&M-Corpus Christi Islanders,357,Southland,20,8,1,0,Toyelle Wilson,
Texas Longhorns,251,SEC,16,16,1,0,Vic Schaefer,
Texas Southern Tigers,2640,SWAC,18,10,1,0,Vernette Skeete,
Texas State Bobcats,326,Pac-12,16,9,1,1,Chris Kielsmeier,Sun Belt
Texas Tech Lady Raiders,2641,Big 12,18,16,1,0,Krista Gerlich,
Toledo Rockets,2649,MAC,18,8,1,0,Ginny Boggess,
Towson Tigers,119,CAA,18,12,1,0,Laura Harper,
Troy Trojans,2653,Sun Belt,18,14,1,0,Chanda Rigby,
Tulane Green Wave,2655,American,18,13,1,0,Ashley Langford,
Tulsa Golden Hurricane,202,American,18,13,1,0,Angie Nelp,
UAB Blazers,5,American,18,13,1,0,Randy Norton,
UAlbany Great Danes,399,America East,16,8,1,1,Kelly Morrone,
UC Davis Aggies,302,Mountain West,18,10,1,0,Jennifer Gross,Big West
UC Irvine Anteaters,300,Big West,20,8,1,0,Tamara Inoue,
UC Riverside Highlanders,27,Big West,20,8,1,0,Brad Langston,
UC San Diego Tritons,28,Big West,20,8,1,0,Heidi VanDerveer,
UC Santa Barbara Gauchos,2540,Big West,20,8,1,0,Renee Jimenez,
UCF Knights,2116,Big 12,18,16,1,1,Gabe Lazo,
UCLA Bruins,26,Big Ten,18,15,1,0,Cori Close,
UConn Huskies,41,Big East,20,11,1,0,Geno Auriemma,
UIC Flames,82,Missouri Valley,20,11,1,0,Ashleen Bracey,
UL Monroe Warhawks,2433,Sun Belt,18,14,1,0,Scotty Fletcher,
UMBC Retrievers,2378,America East,16,8,1,0,Candice Hill,
UMass Lowell River Hawks,2349,America East,16,8,1,1,Brianna Finch,
UNC Asheville Bulldogs,2427,Big South,16,8,1,0,Tynesha Lewis,
UNC Greensboro Spartans,2430,Southern,16,9,1,0,Trina Patterson,
UNC Wilmington Seahawks,350,CAA,18,12,1,0,Nicole Woods,
UNLV Lady Rebels,2439,Mountain West,18,10,1,0,Lindy La Rocque,
USC Trojans,30,Big Ten,18,15,1,0,Lindsay Gottlieb,
UT Arlington Mavericks,250,UAC,16,9,1,0,Shereka Wright,WAC
UT Martin Skyhawks,2630,Ohio Valley,16,8,1,0,Kevin McMillan,
UT Rio Grande Valley Vaqueros,292,Southland,20,8,1,0,Lane Lord,
UTEP Miners,2638,Mountain West,18,10,1,0,Keitha Adams,Conference USA
UTSA Roadrunners,2636,American,18,13,1,0,Karen Aston,
Utah State Aggies,328,Pac-12,16,9,1,0,Wesley Brooks,Mountain West
Utah Tech Trailblazers,3101,Big Sky,20,11,1,1,Adam Wardenburg,WAC
Utah Utes,254,Big 12,18,16,1,0,Gavin Petersen,
Utah Valley Wolverines,3084,Big West,20,8,1,0,Dan Nielson,WAC
VCU Rams,2670,A-10,18,14,1,1,Chelsea Banbury,
Valparaiso Beacons,2674,Missouri Valley,20,11,1,0,Courtney Boyd,
Vanderbilt Commodores,238,SEC,16,16,1,0,Shea Ralph,
Vermont Catamounts,261,America East,16,8,1,1,Maureen Magarity,
Villanova Wildcats,222,Big East,20,11,1,0,Denise Dillon,
Virginia Cavaliers,258,ACC,18,15,1,1,"Aaron Roussell (1st season, arrives from Richmond)",
Virginia Tech Hokies,259,ACC,18,15,1,0,Megan Duffy,
Wagner Seahawks,2681,NEC,18,8,1,0,Terrell Coburn,
Wake Forest Demon Deacons,154,ACC,18,15,1,0,Megan Gebbia,
Washington Huskies,264,Big Ten,18,15,1,0,Tina Langley,
Washington State Cougars,265,Pac-12,16,9,1,0,Kamie Ethridge,WCC
Weber State Wildcats,2692,Big Sky,20,11,1,0,Jenteal Jackson,
West Georgia Wolves,2698,UAC,16,9,1,0,Joanna Reitz,ASUN
West Virginia Mountaineers,277,Big 12,18,16,1,0,Mark Kellogg,
Western Carolina Catamounts,2717,Southern,16,9,1,0,Jonathan Tsipis,
Western Illinois Leathernecks,2710,Ohio Valley,16,8,1,0,J. D. Gravina,
Western Kentucky Lady Toppers,98,Conference USA,18,10,1,0,Greg Collins,
Western Michigan Broncos,2711,MAC,18,8,1,0,Kate Achter,
Wichita State Shockers,2724,American,18,13,1,0,Terry Nooner,
William & Mary Tribe,2729,CAA,18,12,1,0,Erin Dickerson Davis,
Winthrop Eagles,2737,Big South,16,8,1,0,Semeka Randall Lay,
Wisconsin Badgers,275,Big Ten,18,15,1,0,Robin Pingeton,
Wofford Terriers,2747,Southern,16,9,1,0,Jimmy Garrity,
Wright State Raiders,2750,Horizon League,20,12,1,0,Kari Hoffman,
Wyoming Cowgirls,2751,Mountain West,18,10,1,0,Heather Ezell,
Xavier Musketeers,2752,Big East,20,11,1,0,Billi Chambers,
Yale Bulldogs,43,Ivy League,14,4,1,0,Dalila Eshe,
Youngstown State Penguins,2754,Horizon League,20,12,1,0,Melissa Jackson,
